Kamilah,Catie,Kamilah.Catie@yopmail.com
Odessa,Taam,Odessa.Taam@yopmail.com
Michaelina,Screens,Michaelina.Screens@yopmail.com
Regina,Alice,Regina.Alice@yopmail.com
Sherrie,Stover,Sherrie.Stover@yopmail.com
Louella,Faria,Louella.Faria@yopmail.com
Katleen,Hutchison,Katleen.Hutchison@yopmail.com
Fernande,Bendick,Fernande.Bendick@yopmail.com
Jere,Hutchison,Jere.Hutchison@yopmail.com
Alisha,Toni,Alisha.Toni@yopmail.com
Harmonia,Paton,Harmonia.Paton@yopmail.com
Siana,Chauncey,Siana.Chauncey@yopmail.com
Nikki,Gerge,Nikki.Gerge@yopmail.com
Taffy,Lenny,Taffy.Lenny@yopmail.com
Ayn,Bouchard,Ayn.Bouchard@yopmail.com
Adele,Kenwood,Adele.Kenwood@yopmail.com
Melanie,Evangelia,Melanie.Evangelia@yopmail.com
Alejandra,Presber,Alejandra.Presber@yopmail.com
Paulita,Garrison,Paulita.Garrison@yopmail.com
Riannon,Lenny,Riannon.Lenny@yopmail.com
Nita,Juan,Nita.Juan@yopmail.com
Roxane,Klotz,Roxane.Klotz@yopmail.com
Siana,Aloise,Siana.Aloise@yopmail.com
Riannon,Minetta,Riannon.Minetta@yopmail.com
Chere,Merna,Chere.Merna@yopmail.com
Coral,Harriman,Coral.Harriman@yopmail.com
Shauna,Azeria,Shauna.Azeria@yopmail.com
Margalo,Shields,Margalo.Shields@yopmail.com
Katharina,Bobbee,Katharina.Bobbee@yopmail.com
Danika,Blase,Danika.Blase@yopmail.com
Adriana,Bartlett,Adriana.Bartlett@yopmail.com
Hildegaard,Evvie,Hildegaard.Evvie@yopmail.com
Bobinette,Erlandson,Bobinette.Erlandson@yopmail.com
Ira,Ophelia,Ira.Ophelia@yopmail.com
Violet,Daegal,Violet.Daegal@yopmail.com
Desirae,Herrera,Desirae.Herrera@yopmail.com
Shel,Hazlett,Shel.Hazlett@yopmail.com
Jenilee,Carolin,Jenilee.Carolin@yopmail.com
Layla,Ball,Layla.Ball@yopmail.com
Eugine,Auberbach,Eugine.Auberbach@yopmail.com
Adelle,Burkle,Adelle.Burkle@yopmail.com
Antonietta,LaRue,Antonietta.LaRue@yopmail.com
Lila,Maiah,Lila.Maiah@yopmail.com
Fernande,Baptlsta,Fernande.Baptlsta@yopmail.com
Jean,Podvin,Jean.Podvin@yopmail.com
Nonnah,Whittaker,Nonnah.Whittaker@yopmail.com
Jessy,Girardo,Jessy.Girardo@yopmail.com
Penelopa,Bronk,Penelopa.Bronk@yopmail.com
Ann-Marie,Gwenore,Ann-Marie.Gwenore@yopmail.com
Margette,Shanley,Margette.Shanley@yopmail.com
Livvyy,Madelene,Livvyy.Madelene@yopmail.com
Linzy,Salvidor,Linzy.Salvidor@yopmail.com
Tina,Sikorski,Tina.Sikorski@yopmail.com
Agnese,Fitzsimmons,Agnese.Fitzsimmons@yopmail.com
Dotty,Adamsen,Dotty.Adamsen@yopmail.com
Trudie,Sophronia,Trudie.Sophronia@yopmail.com
Nollie,Diann,Nollie.Diann@yopmail.com
Gusella,Ortrude,Gusella.Ortrude@yopmail.com
Angelique,Johnsson,Angelique.Johnsson@yopmail.com
Collen,Herrera,Collen.Herrera@yopmail.com
Angelique,Aldric,Angelique.Aldric@yopmail.com
Renie,Graig,Renie.Graig@yopmail.com
Cyndie,Torray,Cyndie.Torray@yopmail.com
Delilah,Argus,Delilah.Argus@yopmail.com
Kirbee,Chrystel,Kirbee.Chrystel@yopmail.com
Dede,Imelida,Dede.Imelida@yopmail.com
Fred,Kamaria,Fred.Kamaria@yopmail.com
Deirdre,Tjon,Deirdre.Tjon@yopmail.com
Florie,Merriott,Florie.Merriott@yopmail.com
Asia,Gower,Asia.Gower@yopmail.com
Fernande,Kunin,Fernande.Kunin@yopmail.com
Jolyn,Carolin,Jolyn.Carolin@yopmail.com
Louella,Faria,Louella.Faria@yopmail.com
Basia,Chick,Basia.Chick@yopmail.com
Calla,Yuille,Calla.Yuille@yopmail.com
Melodie,Verger,Melodie.Verger@yopmail.com
Lisette,Nisbet,Lisette.Nisbet@yopmail.com
Ilse,Bohlin,Ilse.Bohlin@yopmail.com
Maisey,Bashemeth,Maisey.Bashemeth@yopmail.com
Lila,Kaete,Lila.Kaete@yopmail.com
Demetris,Melony,Demetris.Melony@yopmail.com
Belinda,Anis,Belinda.Anis@yopmail.com
Adore,Brackely,Adore.Brackely@yopmail.com
Blake,Creamer,Blake.Creamer@yopmail.com
Moyna,Zetta,Moyna.Zetta@yopmail.com
Angela,Bouchard,Angela.Bouchard@yopmail.com
Jessamyn,Gualtiero,Jessamyn.Gualtiero@yopmail.com
Donnie,Rebecka,Donnie.Rebecka@yopmail.com
Rosaline,Jarib,Rosaline.Jarib@yopmail.com
Ingrid,Publia,Ingrid.Publia@yopmail.com
Flo,Jethro,Flo.Jethro@yopmail.com
Magdalena,Elbertina,Magdalena.Elbertina@yopmail.com
Britte,Euridice,Britte.Euridice@yopmail.com
Minda,Cottle,Minda.Cottle@yopmail.com
Vere,Evangelia,Vere.Evangelia@yopmail.com
Collen,Philipp,Collen.Philipp@yopmail.com
Eadie,Argus,Eadie.Argus@yopmail.com
Marsiella,Glenden,Marsiella.Glenden@yopmail.com
Chloris,Kathie,Chloris.Kathie@yopmail.com
Millie,Katrine,Millie.Katrine@yopmail.com